Muslo,Rodilla,PosX,PosY,Largo_Extremidades(m)
-0.142349243164063,-1.14504,0.23767604663282424,0.23780386191055566,0.2
1.20188665390015,-1.88675,0.2306983370202661,-0.04382132777088772,0.2
0.327833175659180,-1.79783,0.19942823585530903,0.14906685914623133,0.2
1.13556003570557,-2.31186,0.1605578832631262,0.014677992832486747,0.2
0.624626159667969,-1.43545,0.2972843768504558,0.04916371990001613,0.2
1.37064504623413,-2.81933,0.06378670759812799,0.007033239515049771,0.2
0.713219642639160,-1.38954,0.306859145331491,0.016078175452490448,0.2
0.146555423736572,-0.103583,0.39934891596880806,-0.009573211716762764,0.2
0.569156169891357,-1.47104,0.28829169246431735,0.06968188106894006,0.2
0.656430721282959,-2.14543,0.16887193751766502,0.08944225844608351,0.2
-0.449470281600952,-0.561019,0.2675761547645272,0.27593491144259047,0.2
1.38737344741821,-1.97917,0.2079784483002787,-0.07054005327418912,0.2
0.335245132446289,-1.59565,0.24050863802992262,0.14201150466983437,0.2
-0.114690065383911,-1.35941,0.20174865394045707,0.23681786868065044,0.2
1.47263431549072,-1.81061,0.21715314430634358,-0.11765567165267349,0.2
0.223213672637939,-1.27435,0.2844695933805787,0.14982269061544543,0.2
1.40348863601685,-1.67029,0.23588287232445093,-0.1281135499823271,0.2
0.307692289352417,-1.62097,0.23154281360366732,0.14958614955132235,0.2
-1.09613436460495,-0.233050,0.11259236639947777,0.3809990515673791,0.2
1.48135709762573,-2.44433,0.1342274579977198,-0.02559157073509963,0.2
1.35608816146851,-2.29221,0.1632226709320688,-0.022866668928141085,0.2
1.19217348098755,-2.10614,0.19750056657068119,-0.013511683801533394,0.2
0.412265062332153,-1.77604,0.2156128911846482,0.13117296535518264,0.2
-0.408614397048950,-0.793210,0.23620868938427858,0.28342609390708595,0.2
-0.279683828353882,-1.16526,0.19884639689606953,0.2683667753409513,0.2
0.852265834808350,-1.03964,0.335347773963417,-0.08980298552515514,0.2
0.0417554378509521,-0.812440,0.3331876098528697,0.1549334326508111,0.2
0.904558658599854,-2.37558,0.14021324522643883,0.05182296669790939,0.2
-0.157238006591797,-1.03934,0.2545797820443773,0.23607664844067838,0.2
1.28855943679810,-1.86327,0.22890861854225034,-0.06734565508202196,0.2
0.170317888259888,-0.924788,0.33468264735672393,0.12707419870968503,0.2
0.591032981872559,-1.43070,0.29621631461288755,0.05854049774790953,0.2
1.24423170089722,-2.54420,0.11713749364902591,0.011594952990534688,0.2
0.994049072265625,-1.57958,0.2790934627743195,-0.03747116405637303,0.2
0.977335453033447,-1.19910,0.3147965974015857,-0.0997939798666117,0.2
0.769508361816406,-1.34595,0.31268486779068055,-0.008049491220962044,0.2
0.659838676452637,-1.51580,0.28638131008529666,0.04882188722377942,0.2
0.948634624481201,-1.62160,0.2749478619145403,-0.018459007730291424,0.2
1.12372589111328,-1.42140,0.2855815345549697,-0.10173784738333345,0.2
0.376286745071411,-0.322432,0.39071120961377714,-0.05676415482151931,0.2
0.773447036743164,-2.04921,0.19709908767084477,0.06574419428110134,0.2
1.43850612640381,-2.58684,0.10923185197872073,-0.008129964209802991,0.2
1.13128757476807,-2.29379,0.16391478816349214,0.014197868302941587,0.2
0.877146720886230,-2.24985,0.16381884432524266,0.05402848402290743,0.2
0.830420017242432,-1.00556,0.339000856380595,-0.08903633031182051,0.2
1.37455034255981,-1.82276,0.22643855696060053,-0.09370774197460997,0.2
0.108340501785278,-0.199996,0.3972257830534268,0.02484069809865955,0.2
0.944978237152100,-2.20305,0.1762405990297632,0.04077163894305778,0.2
1.19127845764160,-2.02628,0.21046179063146567,-0.02267892504702961,0.2
0.746470928192139,-0.151657,0.32922017887983485,-0.22515738258391113,0.2
0.988413810729980,-0.703748,0.3169862335745582,-0.20127965076965362,0.2
1.37877225875854,-1.83131,0.22519239182705783,-0.09317778060495331,0.2
-0.278907775878906,-1.16932,0.1982445821773378,0.2682560098182903,0.2
-0.404310464859009,-0.815180,0.23321775504788467,0.2836696205554446,0.2
1.13850021362305,-2.20228,0.18093023048848697,0.006052119566978196,0.2
0.379642724990845,-1.81800,0.2028583633536513,0.13882814322099052,0.2
1.24230480194092,-1.74734,0.24550090227420526,-0.07536179495012596,0.2
1.04099082946777,-1.42473,0.292720498713429,-0.07718954211120772,0.2
1.15389251708984,-2.41137,0.14174983664643864,0.01746441768438284,0.2
-0.447534322738647,-0.956595,0.19287435013168933,0.2981677205952562,0.2
0.724144458770752,-1.85977,0.23008370949850043,0.06529964903293732,0.2
-0.204294919967651,-1.13564,0.22435699819590552,0.25177027312502465,0.2
0.630305290222168,-1.68335,0.2559482397272097,0.07419906739534796,0.2
-1.17102134227753,-0.150818,0.10005924204120747,0.3861088282142404,0.2
1.17282772064209,-2.14226,0.19156144469036818,-0.005921336811260089,0.2
0.214998722076416,-0.284725,0.39595276481079456,-0.0007286145104675947,0.2
0.252662897109985,-0.641655,0.3759308232535165,0.05257857863492636,0.2
-0.885712146759033,-0.565406,0.12504771856082833,0.36319793857933963,0.2
0.700484752655029,-2.16943,0.1678516128525889,0.08212501854969767,0.2
0.449076890945435,-1.26652,0.31201680948506605,0.08132724376653279,0.2
1.34097385406494,-2.35162,0.1532332772525638,-0.014503266100791196,0.2
1.12240648269653,-1.52109,0.277595696586468,-0.08316046856656507,0.2
0.135021924972534,-0.802242,0.34754856378010446,0.12172808536536037,0.2
0.472450017929077,-1.12856,0.33353016397895874,0.05472378788002511,0.2
1.45536565780640,-1.76352,0.2228413211024148,-0.12255328744173813,0.2
0.837959289550781,-1.27543,0.3186940374471106,-0.041485745880362725,0.2
0.692794799804688,-1.84894,0.2299666053802215,0.07176040910945714,0.2
1.12014532089233,-2.25422,0.1711893336619088,0.013339007066541564,0.2
0.0968854427337646,-1.48834,0.2215982207619883,0.19360574256041002,0.2
-0.0544967651367188,-1.34453,0.2185934412348637,0.22397430194965073,0.2
0.513952732086182,-1.78458,0.2261537498746397,0.10900324249106576,0.2
0.427543163299561,-1.26321,0.31071368264988247,0.08762063597747054,0.2
-0.866643190383911,-0.595754,0.12588950238877528,0.3610676850974554,0.2
1.10933542251587,-1.63259,0.267231768033668,-0.060387909737650916,0.2
-0.204656362533569,-0.723331,0.300725564389062,0.22255910635677967,0.2
1.02947711944580,-2.10565,0.19717035547857825,0.018617555593944894,0.2
-0.0526611804962158,-1.36567,0.2147941125443548,0.22396215121883922,0.2
0.413494110107422,-0.562619,0.3835532304689538,-0.023575238586832,0.2
0.745344161987305,-0.810398,0.3543551955713746,-0.09782221453515842,0.2
-0.305115222930908,-0.347652,0.3359249599448163,0.2058359825175736,0.2
1.34891748428345,-1.97776,0.21071739572472567,-0.06270620934176033,0.2
1.49043989181519,-2.01810,0.19535673644584214,-0.08504598871308576,0.2
1.18085718154907,-1.98303,0.21743217465956297,-0.02589708815382111,0.2
-0.407113313674927,-0.904131,0.21511908329395843,0.28843250115018415,0.2
0.495348930358887,-1.57513,0.26383703436781025,0.10021715541951796,0.2
0.419723749160767,-1.63095,0.24490292669459318,0.12334088110488989,0.2
1.30423307418823,-2.29631,0.16347168715472712,-0.013974877236477026,0.2
-0.406818628311157,-0.196307,0.3338947301407481,0.21674360810013577,0.2
1.33364915847778,-1.64360,0.24629764430307655,-0.11626960342421638,0.2
-0.163532257080078,-1.30310,0.2012066818844087,0.24632664873000232,0.2
1.19441747665405,-2.40797,0.14299358684162627,0.011516174344451737,0.2
-0.390163421630859,-0.955317,0.2099061821623639,0.28657870997424234,0.2
0.357009172439575,-0.952497,0.3490887024484036,0.06714963970206773,0.2
1.35449171066284,-2.70267,0.08688153038693557,0.005885827431549027,0.2
-0.343851327896118,-0.562369,0.29495121309889666,0.2463398709018321,0.2
1.43170356750488,-2.80391,0.06715901627410555,0.002758361853857935,0.2
1.43217992782593,-2.75125,0.07756522295469911,0.001104847462088652,0.2
1.40701913833618,-1.90591,0.21489939715418516,-0.08664866585892231,0.2
0.107446432113647,-1.17105,0.284400767028848,0.1739278345425703,0.2
-0.182097196578979,-1.09569,0.23771586689531837,0.2451238240518692,0.2
1.24717521667480,-1.32158,0.2747493688897424,-0.15570509863504295,0.2
0.468638420104980,-0.825745,0.36634747057426104,0.005506699524399055,0.2
1.04005718231201,-0.701379,0.30604855269333786,-0.21783146831454026,0.2
0.323387145996094,-1.63733,0.23065133740505528,0.14656544991611858,0.2
0.328859090805054,-0.136073,0.3918909273550007,-0.07537910241431968,0.2
0.493783473968506,-0.356982,0.3819378648411967,-0.09528861756447055,0.2
0.0950207710266113,-1.45710,0.2274375246736854,0.19325645527457022,0.2
0.329874753952026,-0.475206,0.3886723530834997,-0.008348299972946671,0.2
0.681342124938965,-1.40288,0.3043046554516548,0.027735394750921682,0.2
-0.621922254562378,-0.859084,0.157701144346566,0.32769021972963797,0.2
0.230335950851440,-1.68609,0.2063057511457481,0.16803156888078652,0.2
1.15735101699829,-2.47198,0.12996985345912052,0.01956788945524736,0.2
0.543939590454102,-1.56249,0.27064105784367465,0.08612754877469725,0.2
-0.584172725677490,-0.599671,0.2207964913652924,0.3119144348021121,0.2
-0.302629947662354,-0.583025,0.3015013133672503,0.23639175377529645,0.2
1.25824117660522,-2.19005,0.18242824221047557,-0.016908343442849756,0.2
0.319541454315186,-0.567472,0.38377146756889335,0.013433901513311412,0.2
0.575770854949951,-1.76160,0.23684302726584247,0.09345350017828273,0.2
-0.0477612018585205,-0.573789,0.3525460946492611,0.15132505771963953,0.2
1.02286911010742,-1.62051,0.27295705371604595,-0.03897133271232601,0.2
0.771516323089600,-1.87061,0.23092638668421656,0.055187868555097885,0.2
1.35559940338135,-1.99732,0.20776624301560023,-0.06112874237473863,0.2
0.848289012908936,-0.445041,0.33158399091562263,-0.2055711094935517,0.2
-0.388300657272339,-0.146269,0.34374935671508555,0.2024404034083215,0.2
0.305089950561523,-1.07031,0.32862050985826613,0.10196445706131887,0.2
1.24619865417480,-1.27981,0.2759452376077314,-0.16372476374693987,0.2
1.38016891479492,-2.80338,0.0670345565422814,0.006206006011797977,0.2
-0.247116804122925,-0.0849745,0.37396449142781624,0.14093227565235888,0.2
1.22515106201172,-1.54277,0.26600392910141224,-0.1071626571993576,0.2
0.222353696823120,-1.31061,0.27774922170315436,0.15308923274917363,0.2
1.35042190551758,-1.51325,0.2519815860783701,-0.1452807771948724,0.2
1.38984441757202,-2.72147,0.08333595431704274,0.0034759196326683436,0.2
1.23624038696289,-1.93384,0.22267422907505688,-0.0447966757465055,0.2
0.665644645690918,-2.11050,0.17666990066115396,0.08761934953582337,0.2
0.994543552398682,-1.18053,0.3140094316193066,-0.10877943152238953,0.2
-0.659346699714661,-0.619491,0.19288845262997692,0.328523898129065,0.2
1.27280902862549,-1.37018,0.26927497633290176,-0.15307875091608864,0.2
0.408417940139771,-1.40144,0.2858170382685069,0.10859408430114809,0.2
0.643968582153320,-0.709262,0.36618778056426426,-0.08132596640969288,0.2
1.24023914337158,-1.60201,0.25971143960276255,-0.10026599718743362,0.2
0.466161251068115,-1.39697,0.29236075714742593,0.09143883081030087,0.2
-0.0239655971527100,-1.21654,0.2504218341617368,0.21222778731516995,0.2
0.961688995361328,-2.40740,0.13659527954027123,0.04417870731473047,0.2
0.229205131530762,-1.72008,0.19932005970245764,0.16844225824989736,0.2
1.36409616470337,-1.39123,0.25383152809980486,-0.17279413410090816,0.2
1.31324625015259,-1.84547,0.22922143214340807,-0.07588951843471697,0.2
1.16911506652832,-2.33738,0.15615598650292858,0.01100688232322578,0.2
0.585206508636475,-1.06392,0.34467303818795925,0.006049155972466428,0.2
0.346715688705444,-1.44615,0.2704220370065145,0.12968215249454257,0.2
0.611976146697998,-0.372965,0.3685973420051086,-0.13651401237794225,0.2
1.37151765823364,-2.51998,0.12222856171117787,-0.0049810792411618225,0.2
-0.318718910217285,-1.10359,0.20054092895776565,0.27534475419219456,0.2
1.21489572525024,-1.67265,0.2554808377653049,-0.08121088334658227,0.2
0.884048461914063,-1.27465,0.3165140302220067,-0.05626503960997382,0.2
0.581424236297607,-1.14730,0.3353037395339337,0.021158890174524953,0.2
0.643470287322998,-2.10845,0.17509363539408712,0.091501073150713,0.2
0.589274406433105,-1.29540,0.3163291659642874,0.041106523745220294,0.2
0.469511747360229,-1.10590,0.33635129653157886,0.052291778414042596,0.2
1.31770563125610,-1.76668,0.23723749794894627,-0.09026501290762684,0.2
1.49759769439697,-1.76254,0.21753319213264263,-0.13203721326341517,0.2
0.0715997219085693,-1.27894,0.25769949892459976,0.19133543429798214,0.2
1.27771186828613,-2.20884,0.17891788555114965,-0.018403189577062766,0.2
0.466645717620850,-1.15131,0.3301250849715853,0.06000633258231053,0.2
1.19645118713379,-2.17934,0.18499154325548267,-0.006659915659860715,0.2
0.000907659530639648,-0.147731,0.39479458126772143,0.057147582681515756,0.2
0.602867603302002,-1.95582,0.20165436222341337,0.0963778118009281,0.2
-0.433906793594360,-1.04681,0.1789195894862991,0.296672350933205,0.2
0.359842777252197,-0.583831,0.38307616079967144,0.001099109179685724,0.2
0.203233480453491,-1.55876,0.22704192552938748,0.1715064569512948,0.2
0.919523715972900,-1.60950,0.2770489944519919,-0.01219224543758462,0.2
-0.412365436553955,-1.02600,0.1894250685389273,0.2925364993920839,0.2
0.167546033859253,-1.48432,0.2355055249911484,0.17733239526262853,0.2
1.13880538940430,-1.10876,0.2962078805819419,-0.16710030556311234,0.2
-0.426189184188843,-0.610060,0.265266017351769,0.27423174708381504,0.2
0.993689060211182,-0.839865,0.3200142597536117,-0.17605655736405704,0.2
0.649655342102051,-1.05804,0.34489235074356844,-0.017203833063513658,0.2
1.42533016204834,-2.80691,0.06654460506759509,0.0032580739787007222,0.2
0.0974013805389404,-1.48945,0.22147745633006255,0.19351540081623048,0.2
0.611397743225098,-1.02146,0.3487996117597581,-0.010422539072380766,0.2
0.628023147583008,-0.954004,0.3542071978600669,-0.02847725762022652,0.2
0.406288385391235,-0.334651,0.38884960807092683,-0.0660151050694577,0.2
0.970301628112793,-2.34637,0.149123113320623,0.0418620888801679,0.2
-0.307411670684814,-0.418143,0.3257294796603184,0.21681298096052035,0.2
0.621146202087402,-1.31710,0.31450165721063594,0.03416314165566371,0.2
0.231496095657349,-0.333831,0.3944331564247022,0.0024516506707508304,0.2
0.620043754577637,-1.42289,0.29899057503919346,0.048925986911704696,0.2
1.49052143096924,-2.38900,0.14327903500497935,-0.03282705130550375,0.2
1.01289510726929,-1.32149,0.30339665127335436,-0.08768846785862809,0.2
1.40985870361328,-2.65905,0.09557000580459996,-0.0009113538628517057,0.2
-0.429338455200195,-0.872147,0.21494620849043167,0.2919808843689714,0.2
0.466589450836182,-0.724555,0.3738267790680687,-0.012533715263888143,0.2
1.17785739898682,-2.49859,0.12512029967756796,0.017917297247765872,0.2
0.744448661804199,-0.757144,0.35561297693324145,-0.10809003893775689,0.2
-0.454150199890137,-0.216049,0.32062948230156285,0.2352379542958913,0.2
0.949951648712158,-1.63130,0.2736059524927585,-0.017399343602269433,0.2
1.41699123382568,-2.74438,0.07889401466502705,0.0020514599411758034,0.2
1.01088571548462,-1.48066,0.2894260376043446,-0.05859683032345463,0.2
1.17980337142944,-1.30099,0.28543554917988895,-0.14088940890461457,0.2
0.994709491729736,-2.33978,0.15140277433727697,0.038011210412296534,0.2
1.16185712814331,-2.03073,0.21031973346316465,-0.015950665010138504,0.2
-0.398864030838013,-0.590426,0.27610370888036484,0.2649962536606368,0.2
1.30977487564087,-2.48019,0.12988241466106837,0.0001450241831364306,0.2
0.538282871246338,-1.22576,0.32374526014858124,0.04740538949851984,0.2
0.122900009155273,-1.19716,0.2823276858602018,0.1717305889736681,0.2
0.412256956100464,-1.89833,0.19123765404840895,0.13300787235567768,0.2
0.786505699157715,-1.67046,0.266488819316599,0.03200281042827538,0.2
1.45157003402710,-2.85320,0.05741848606667894,0.0026331172444508505,0.2
1.36993646621704,-2.70287,0.08692274260841307,0.004549923266015378,0.2
0.896228790283203,-2.23803,0.16715617625846305,0.0505342563216213,0.2
0.445652961730957,-1.59275,0.25523588417900883,0.11444713361499353,0.2
0.855205535888672,-1.31677,0.3138834122672019,-0.039767749442822915,0.2
1.41893339157104,-1.73130,0.22966177871616003,-0.1202906628747135,0.2
-0.250603675842285,-0.461618,0.3315163832625251,0.20426337538784117,0.2
1.16657066345215,-2.50611,0.12342518740118667,0.01957438404173143,0.2
0.466913938522339,-0.940418,0.35561118924848506,0.026395968511830036,0.2
0.0701999664306641,-1.18246,0.2756191517659729,0.18527255618146385,0.2
0.174976587295532,-1.46669,0.24027240758272594,0.17487894112069838,0.2
1.47123479843140,-2.61943,0.10282542502282094,-0.009354313839526436,0.2
0.909023761749268,-1.31390,0.3115533223557891,-0.0571044640472596,0.2
1.47315406799316,-1.69407,0.22507927775182252,-0.1396512056359035,0.2
1.16476249694824,-1.80779,0.2429654766670429,-0.04674465706138049,0.2
0.107667684555054,-1.32878,0.25492111650936417,0.1848999252868807,0.2
1.25883054733276,-1.57977,0.259546583682524,-0.10916912438669686,0.2
-0.439272880554199,-1.02393,0.18190086897816465,0.2975120918669407,0.2
1.47345018386841,-2.39980,0.1420110076681958,-0.029194616180523394,0.2
0.976385116577148,-1.96847,0.22071662489412777,0.017393838471077866,0.2
1.01164340972900,-1.11551,0.3147777766694351,-0.12685599916865437,0.2
-0.0646319389343262,-1.27297,0.23050626650234796,0.22437134747865392,0.2
1.40588998794556,-2.84883,0.0581100617666577,0.005204463560575862,0.2
0.551158905029297,-1.53100,0.2767697455510337,0.08112752292357106,0.2
0.0491721630096436,-0.232114,0.3935494086402285,0.05452930819263239,0.2
0.984117031097412,-2.48168,0.12271072657799661,0.04169191037958506,0.2
-0.400242328643799,-0.670047,0.2615409853195054,0.2725796984640004,0.2
1.24468946456909,-2.23500,0.17489360977622848,-0.009873039427730088,0.2
1.33511018753052,-2.18743,0.18100961987178904,-0.031183490736283133,0.2
1.49963283538818,-2.82475,0.06309510165017937,-0.0010387168194548636,0.2
0.971008300781250,-2.16203,0.18510507077534555,0.03383749208209374,0.2
0.0390226840972900,-1.41893,0.22386059610075815,0.2049130757974517,0.2
-0.290739774703979,-0.846484,0.2580451646333111,0.2577253281262223,0.2
0.0112118721008301,-1.07943,0.2833427850618523,0.19355426404685988,0.2
-0.556005597114563,-0.771848,0.1962410389656264,0.3143553813078454,0.2
1.23517179489136,-1.87580,0.23055080758868532,-0.053125010299223736,0.2
1.12017011642456,-2.56417,0.11081690432610518,0.02626417170911578,0.2
0.573151588439941,-1.46303,0.28988380331191343,0.06761734569348925,0.2
0.537810325622559,-1.18027,0.32982982190886767,0.04081617290885429,0.2
0.744729995727539,-1.55816,0.2830528606232587,0.029871534702063735,0.2
0.691517353057861,-2.18201,0.16459262947881126,0.0836665645662397,0.2
-0.0384516716003418,-0.801948,0.3213678293681465,0.17985364632712378,0.2
1.30292224884033,-1.38233,0.2641945940483339,-0.15871052062821198,0.2
1.31474924087524,-1.30790,0.26380228538933914,-0.17663134568343264,0.2
0.703841209411621,-0.714010,0.36059079332851224,-0.10214505748899082,0.2
0.943943977355957,-1.71093,0.26230558690232264,-0.004638340750602604,0.2
0.457344532012939,-1.93868,0.188976595826999,0.12456642839279906,0.2
0.668200016021729,-2.01113,0.19664544611025928,0.08503828465859119,0.2
0.777332782745361,-2.03968,0.19920688629106711,0.06453812210856594,0.2
0.918545246124268,-1.64472,0.27210941707499475,-0.006909652886883549,0.2
0.561627388000488,-1.05849,0.3450211148545744,0.013259413342863442,0.2
1.43596601486206,-1.82751,0.21983836415835548,-0.10657793891408025,0.2
0.558943748474121,-1.32780,0.31018519892170754,0.055083861564675214,0.2
1.12469482421875,-1.09076,0.29870126539318564,-0.16650014540763403,0.2
0.312697172164917,-1.18140,0.31221599151530927,0.11354232412626783,0.2
1.34372377395630,-2.31610,0.1593930170800976,-0.018391627128378173,0.2
0.591057777404785,-1.82461,0.22619921132259838,0.09352103192086293,0.2
1.30971813201904,-1.78024,0.23656957679180596,-0.08603411772164254,0.2
-0.262934684753418,-1.01304,0.23339590792996143,0.26051645380781663,0.2
-0.332161903381348,-1.01684,0.21406603175431868,0.27615256230768837,0.2
-0.395235776901245,-0.667425,0.26337782060774845,0.271045351425877,0.2
0.647222518920898,-1.36852,0.3081538982561721,0.033359455305052715,0.2
1.12024068832397,-2.40526,0.1422757878786027,0.021966877386042513,0.2
1.03603458404541,-1.78182,0.2507874390740667,-0.018674981230906648,0.2
1.35522127151489,-1.80357,0.23014299306360278,-0.09262677956439254,0.2
1.44873428344727,-1.75156,0.22453559783644048,-0.12329494074254291,0.2
1.39399003982544,-2.27381,0.16525284481640437,-0.031146094277029197,0.2
1.26878309249878,-2.39232,0.1463724415155262,-0.00026701298549905125,0.2
1.22288131713867,-1.14545,0.2813123276759144,-0.18404886999558434,0.2
1.17304229736328,-1.65015,0.261042267684995,-0.07426494806192921,0.2
1.24579524993896,-2.39547,0.14574918607916498,0.0033144551511635136,0.2
1.38336467742920,-2.76956,0.0737850270067414,0.005337495331945519,0.2
1.12761211395264,-1.85614,0.2377678224920296,-0.030781931168705888,0.2
0.740120410919189,-2.09738,0.18529909235099945,0.07387480863884197,0.2
1.47211885452271,-2.70820,0.08590636101683864,-0.004059837280365659,0.2
0.362548589706421,-1.59088,0.2452157579379075,0.13513883485428116,0.2
1.31884050369263,-1.54381,0.25475145161713986,-0.13137880851524714,0.2
1.49037218093872,-1.94338,0.20331307152024153,-0.09768131655130684,0.2
-0.228672504425049,-0.232165,0.36349461943866795,0.16039108728932228,0.2
-0.249700307846069,-0.942413,0.25042482410056166,0.25360282502780185,0.2
0.504012584686279,-1.64201,0.25235278165570846,0.10307978235585728,0.2
1.29924058914185,-1.82335,0.23278153317873662,-0.0763082033158982,0.2
-0.343559026718140,-0.682727,0.27431403519567915,0.2584960351808013,0.2
0.402111530303955,-0.358114,0.38905125415093356,-0.059698250812772934,0.2
0.941180229187012,-1.58388,0.28012283128560606,-0.022019671030572854,0.2
0.497578620910645,-1.68406,0.24374169725527478,0.107462196903237,0.2
1.21101713180542,-1.96455,0.2192882189976303,-0.03492617280624498,0.2
1.07791900634766,-1.96575,0.2217881152010483,-0.0053791466531444496,0.2
1.36070394515991,-1.81034,0.22896258682047754,-0.09271047051721715,0.2
-0.259721040725708,-1.14756,0.20769175803976098,0.26404745608056407,0.2
-0.875739812850952,-0.440286,0.15348699315284758,0.35890405164834666,0.2
0.272005796432495,-0.590611,0.38099240181265015,0.03595605713964328,0.2
-0.797460198402405,-0.569600,0.15574144839049506,0.35087599588558394,0.2
1.13953542709351,-1.73858,0.25303010792977315,-0.051146704888581605,0.2
0.296425819396973,-1.41041,0.2702301922099588,0.1405395417574337,0.2
1.18707370758057,-1.97151,0.21901394313809142,-0.028749198898633952,0.2
-0.483552217483521,-0.700221,0.23224521978471313,0.29536102416136245,0.2
1.07890748977661,-2.31100,0.15963471285883613,0.023700206313293372,0.2
0.768906116485596,-1.36162,0.31077845119885594,-0.005376558770775188,0.2
0.899968147277832,-1.09234,0.3282115741296292,-0.09544654168052095,0.2
0.572352886199951,-2.04553,0.18073057039420742,0.10376984709035329,0.2
1.27081012725830,-1.52604,0.2619337963215113,-0.12235353518453383,0.2
0.405949354171753,-1.59200,0.2506356279571661,0.12444149947123356,0.2
0.274141073226929,-0.987116,0.33753054984588204,0.1008018760039735,0.2
0.965013504028320,-1.78928,0.2503197157038681,0.00010588628196075822,0.2
1.01440906524658,-2.14944,0.1887577814337922,0.024890117719167736,0.2
1.49078083038330,-2.05129,0.19149935108317265,-0.07968953657987063,0.2
0.892951488494873,-1.47745,0.2947020789674941,-0.024643872459591893,0.2
0.911030769348145,-1.42872,0.29981385202438254,-0.037939116862919404,0.2
0.940600395202637,-2.24545,0.1677783737283111,0.043363119712768336,0.2
0.846339702606201,-1.04100,0.33580270768550763,-0.08755096850975069,0.2
1.19226741790771,-1.95236,0.22171515447648718,-0.032441593208207574,0.2
0.655582904815674,-1.85857,0.2252986111922993,0.0808387915800319,0.2
1.31825351715088,-2.21523,0.17697356909609094,-0.024910801301811867,0.2
0.679744243621826,-2.17531,0.16493701606354694,0.08559706202913551,0.2
-0.150544404983521,-0.779649,0.303014605332667,0.21230864203488384,0.2
0.202542543411255,-1.20521,0.2936837645735563,0.1494983857403129,0.2
0.663249492645264,-0.521198,0.3654071819147897,-0.1259184336207756,0.2
1.38201379776001,-2.48533,0.1286062361108059,-0.008829798890489854,0.2
0.473611354827881,-1.54449,0.26720596015196996,0.10346469191058459,0.2
0.333846807479858,-1.35270,0.2856787340591795,0.12528790193762343,0.2
1.39505004882813,-1.56394,0.24309299642460502,-0.1464726408618491,0.2
-0.0592439174652100,-0.879881,0.30469676320068967,0.19529285016594655,0.2
1.06696224212646,-1.35461,0.29599369558574357,-0.0977151692598214,0.2
0.963505268096924,-2.18460,0.18052257845812097,0.03651642797152964,0.2
0.703199386596680,-1.25765,0.3234858193018755,-0.0011577333924523705,0.2
0.412525653839111,-1.12373,0.3303357310349762,0.07391726651725888,0.2
0.200175046920776,-0.647662,0.37206263569093284,0.0732742962816444,0.2
1.03327369689941,-1.51283,0.2847653865891725,-0.05952375616627303,0.2
0.0145244598388672,-1.26047,0.24994922709312084,0.2048287611132798,0.2
1.23494768142700,-2.61224,0.10358590571584247,0.014805562472359285,0.2
-0.429085493087769,-1.01745,0.18621467023695293,0.2955786355257152,0.2
1.31572437286377,-1.75512,0.23855601102997182,-0.09180485588095058,0.2
1.46556663513184,-1.67769,0.2270725448972706,-0.14107716661688016,0.2
0.628964424133301,-0.694911,0.3677783913445206,-0.07866323505419713,0.2
1.28770208358765,-1.27687,0.2689505771736018,-0.17562091190552187,0.2
1.13542032241821,-1.96527,0.22118707773755078,-0.018175418200536853,0.2
-0.809116840362549,-0.249389,0.2129017674915721,0.3349595634544817,0.2
1.11938619613647,-1.89874,0.23173296306677996,-0.023068359989077237,0.2
-0.518961548805237,-0.336210,0.2864274206877055,0.27107248103733794,0.2
1.29869604110718,-2.62545,0.10171960775756872,0.008649116371361029,0.2
0.626274108886719,-1.88054,0.21858319727949171,0.08852199227671176,0.2
0.845349788665771,-0.441927,0.3319842498846733,-0.2051847700415341,0.2
0.568788051605225,-0.824264,0.3651574479173333,-0.03142960298730787,0.2
0.834367752075195,-0.704618,0.34412676147984333,-0.1500848974722089,0.2
0.257517099380493,-1.49826,0.24779640423288563,0.15618852853241724,0.2
1.49428081512451,-1.59552,0.22640377756021654,-0.1635971554962803,0.2
-0.402872323989868,-1.07259,0.18288731524971674,0.2911705989267824,0.2
-0.0517389774322510,-0.429995,0.3687402062983702,0.12941438073180914,0.2
-0.173396825790405,-1.18854,0.2215921449656569,0.24645148451674256,0.2
0.474946975708008,-1.94668,0.18954044006289641,0.1212725130853017,0.2
1.32586765289307,-2.73669,0.07991295101975565,0.009090965667603245,0.2
1.42527055740356,-2.34029,0.15336406503811492,-0.02859392068426893,0.2
0.107628345489502,-0.430759,0.384546098540982,0.06939891057972687,0.2
0.440555572509766,-0.715266,0.37466365919853917,-0.004543462860038605,0.2
0.883627891540527,-2.21856,0.17035324907056737,0.05203403013553451,0.2
0.708480358123779,-1.80712,0.23882929761208452,0.06503893589623241,0.2
-1.17187213897705,-0.170529,0.09584376608269855,0.386850858154868,0.2
0.565230369567871,-1.89933,0.20907522281041835,0.1023473345208533,0.2
-0.132228612899780,-0.836228,0.29726516963737964,0.21273174828857283,0.2
0.489159822463989,-0.829333,0.3660977659562804,-0.0013534183113067314,0.2
0.274652719497681,-1.35266,0.277775247411569,0.1419650786307027,0.2
1.19436120986938,-1.80266,0.24212226199003378,-0.054711534896584015,0.2
-0.342235803604126,-1.03615,0.2074438615714415,0.2788005610715556,0.2
-0.0104613304138184,-1.24281,0.2481861825089547,0.21017708495184428,0.2
0.724582672119141,-1.38907,0.30708572319665584,0.012519889945100721,0.2
0.958228588104248,-0.635664,0.3199757402972828,-0.20491398137410352,0.2
1.45637178421021,-2.12033,0.18523189284833824,-0.06249827204988508,0.2
1.46525621414185,-2.88313,0.051491495510889745,0.002427312614963686,0.2
-0.267478227615356,-1.10815,0.2134755056530156,0.2648272282942006,0.2
0.916352272033691,-0.668589,0.3295395418072123,-0.1848768306265622,0.2
-0.404158592224121,-0.505677,0.2891622364802903,0.2576294879745176,0.2
0.705707073211670,-1.36608,0.309903326357981,0.014927422552243792,0.2
0.707208156585693,-1.62493,0.27083214487467977,0.04817977269855929,0.2
0.757577419281006,-0.487122,0.35068508909733365,-0.16647715445551645,0.2
1.24501085281372,-2.65261,0.09570819041261233,0.014669396950136278,0.2
0.423177719116211,-1.70561,0.2308808073244381,0.12625850242532824,0.2
1.28453207015991,-1.75623,0.24118932802290652,-0.08413137946688524,0.2
-1.13653814792633,-0.269352,0.08989652739349892,0.38604933448995987,0.2
1.24906301498413,-1.63307,0.25617494752526376,-0.09693188293426104,0.2
0.320767641067505,-1.48425,0.259824523056919,0.1393067466570515,0.2
0.298237323760986,-1.69543,0.21537423480176712,0.15384701236426804,0.2
-0.0250399112701416,-0.685783,0.34103704308135185,0.1600238312673733,0.2
1.36039638519287,-2.71140,0.08519106983157598,0.005639132698517849,0.2
0.672083854675293,-0.934373,0.3539291915514497,-0.04774893907331074,0.2
-0.0762457847595215,-0.174491,0.38759215297257366,0.09250689148864844,0.2
1.15083789825439,-1.87508,0.23430973489857068,-0.03361736422673291,0.2
0.706404685974121,-1.47786,0.2940988518776471,0.030495529465350987,0.2
1.16586303710938,-1.55809,0.27053859575965566,-0.0884605332420258,0.2
1.42159080505371,-2.82035,0.06386004647494838,0.003796470419337796,0.2
0.365590572357178,-0.780856,0.36820823317722146,0.03532095626280033,0.2
0.414636373519897,-1.43128,0.28124444387775044,0.10966688613683542,0.2
0.682049751281738,-1.48393,0.29234181814332716,0.038431292622436615,0.2
1.11985445022583,-1.53542,0.27648505099913895,-0.07990754107972789,0.2
0.847257614135742,-1.49413,0.2933475965275015,-0.008625688957423314,0.2
0.00920557975769043,-1.43209,0.215028888631399,0.21171594012536876,0.2
0.643113136291504,-2.10582,0.17558566282487434,0.0915447484322577,0.2
0.0945756435394287,-1.06459,0.30104837045204685,0.16780701614266533,0.2
0.908166408538818,-1.21350,0.31990217138931254,-0.0751116480752882,0.2
0.512792110443115,-0.311911,0.37909010888211164,-0.1114926276278407,0.2
1.25748634338379,-1.77405,0.24142736555708735,-0.07459349523875347,0.2
-0.648242592811584,-0.375562,0.2421679788969063,0.3094814857601251,0.2
1.11622810363770,-2.44218,0.13493928617256892,0.02395021485542963,0.2
-0.278404712677002,-0.378342,0.33729138459002606,0.20143680960662078,0.2
0.749047279357910,-1.89285,0.2254762342515296,0.06195975790779519,0.2
-0.106232643127441,-1.22104,0.2312474652752363,0.23224520073956462,0.2
0.454073429107666,-1.41239,0.28860427653279297,0.09657626378907222,0.2
-0.0220255851745605,-1.37963,0.2187766727533675,0.21757129763889987,0.2
0.516525268554688,-1.55803,0.2689785077594341,0.09312104299101559,0.2
0.483277082443237,-1.97045,0.18579096722224453,0.11980690875428529,0.2
1.21179342269897,-2.59864,0.10592099632729914,0.01691102349633589,0.2
0.676187992095947,-1.81202,0.2356893637193575,0.07306756817879433,0.2
1.15582180023193,-1.78861,0.2458840662342578,-0.04747249415772788,0.2
0.133326768875122,-1.42700,0.24058320271612393,0.183259884366049,0.2
1.27371835708618,-2.59959,0.10657601715672892,0.010356880923674577,0.2
0.779967308044434,-2.23848,0.1600761047209648,0.06958691231244087,0.2
0.931406497955322,-1.27634,0.3133589927947264,-0.07087583951061024,0.2
1.01209831237793,-2.37461,0.14515784531992681,0.03644769560104985,0.2
1.29296445846558,-2.42860,0.13959247426711627,-0.0010981782860399034,0.2
-0.366195678710938,-1.05494,0.19696140829395117,0.28402163973920896,0.2
1.35156822204590,-1.54983,0.249999731646438,-0.13848356625868788,0.2
0.686486244201660,-0.992868,0.3492165530828704,-0.041844687990460025,0.2
-0.200123786926270,-0.749722,0.2972688198392576,0.2240123540366986,0.2
0.783112049102783,-1.36408,0.3103726705922101,-0.009399211458058257,0.2
1.35069227218628,-2.77974,0.07154230308803952,0.007899523698770746,0.2
-0.559089779853821,-0.629957,0.222812236994887,0.30821899392357677,0.2
0.706932067871094,-2.11897,0.17844965345160588,0.08040843776195541,0.2
1.28363990783691,-1.69697,0.2470874636596461,-0.09423535042634272,0.2
1.31675481796265,-2.51189,0.1238643925003264,0.001236821999975054,0.2
0.287183284759521,-1.59512,0.23351329436057097,0.15338194505241576,0.2
-0.128754377365112,-1.13423,0.24299222562004374,0.2340542635559244,0.2
-0.745386362075806,-0.518832,0.18372202872396723,0.34017367176299407,0.2
1.49933433532715,-2.58616,0.10865862163225509,-0.014809111715428336,0.2
1.36666107177734,-1.52346,0.24913856296802686,-0.1473614844816859,0.2
0.335127592086792,-1.61914,0.23591536230233998,0.14310039854460632,0.2
-0.530392289161682,-0.810032,0.1967125736947793,0.31058358499066313,0.2
1.06901645660400,-1.04088,0.3081778101087554,-0.15957132193532061,0.2
0.457593917846680,-1.37957,0.294498970405787,0.09206350273047596,0.2
-0.0660226345062256,-1.40986,0.2029543974944878,0.22722034923323578,0.2
-0.700490951538086,-0.210319,0.254540320818378,0.30568999336633745,0.2
0.952330589294434,-2.19467,0.17815699875192498,0.039054724391239914,0.2
-0.381098270416260,-1.07647,0.18840859637449112,0.2871541228450147,0.2
1.12244892120361,-1.36234,0.2896521745993673,-0.11250633820920528,0.2
0.933092117309570,-1.60384,0.277624348448622,-0.01678204770941567,0.2
0.745387077331543,-1.97430,0.2097486021006764,0.06778046816585041,0.2
0.654568672180176,-0.493807,0.366069051410743,-0.1282039098195323,0.2
0.280412435531616,-1.71311,0.20907226237940266,0.15793036164277743,0.2
0.969629764556885,-1.60027,0.27728750917184736,-0.027456619220948636,0.2
1.31227207183838,-2.76095,0.07493910961040957,0.010484237733482085,0.2
1.43809604644775,-1.66677,0.23151744209855835,-0.13686977227114652,0.2
0.713222503662109,-1.17442,0.3324888556674589,-0.018378271935444668,0.2
0.989934921264648,-1.82620,0.24451393034883323,-0.0014767854343411596,0.2
1.38597965240479,-2.05422,0.19839103471536224,-0.05878619800770803,0.2
1.00231933593750,-2.37276,0.14516118001027034,0.037818001240610806,0.2
1.12508678436279,-2.02103,0.21236560079233696,-0.00930199589540328,0.2
0.909820556640625,-1.52829,0.28798001233640225,-0.021603655255892546,0.2
0.824565887451172,-2.29302,0.15213120188643145,0.06302204582422839,0.2
0.594366073608398,-1.87270,0.21717906430951317,0.09511155260366214,0.2
0.698123931884766,-1.59165,0.27591503245633725,0.046935566646931035,0.2
0.785757064819336,-1.31535,0.3160468246418022,-0.01812456902134359,0.2
1.17813301086426,-2.07919,0.20216293893733528,-0.013715818764219772,0.2
0.647795677185059,-1.21230,0.32859907146815703,0.009581988814317783,0.2
0.527602672576904,-1.90969,0.20302069948883994,0.11039445863516148,0.2
0.301978588104248,-1.42195,0.2688693924219541,0.13990480656057633,0.2
1.40737676620483,-1.97285,0.20728006536972715,-0.07569998914118069,0.2
0.418509244918823,-1.49844,0.2695961754783653,0.11446219009018875,0.2
0.868178844451904,-1.40073,0.30440401569566256,-0.029624802669423564,0.2
1.28765439987183,-2.39112,0.1465628138001885,-0.003121613052504775,0.2
0.433626413345337,-1.59149,0.25407869525342464,0.11742392028152197,0.2
1.37946653366089,-1.77256,0.23069057496467124,-0.1036818926609201,0.2
0.200946092605591,-1.63885,0.21071913401047826,0.1736580247785055,0.2
1.09412002563477,-1.73027,0.25617589953290537,-0.040865589963657294,0.2
1.38781309127808,-2.87932,0.05191095452843935,0.006398698422230416,0.2
1.44256544113159,-1.05288,0.2294601347427192,-0.25875398478625894,0.2
0.509028911590576,-1.82028,0.21862586318759958,0.11158011330731483,0.2
1.16575574874878,-1.30663,0.2871529108678083,-0.1357638397333727,0.2
1.15521574020386,-1.86634,0.23539803063302422,-0.035878245512884765,0.2
-0.619919300079346,-0.858648,0.15844427948958284,0.32737185526000884,0.2
1.13651514053345,-1.56131,0.2727121840513929,-0.07991625304788197,0.2
0.507441997528076,-0.942466,0.35619051809502167,0.012324563428657816,0.2
1.14840888977051,-1.88490,0.23297799038065792,-0.031682588212478234,0.2
0.718192577362061,-2.14236,0.17468350817878026,0.07880288380376345,0.2
1.25170564651489,-1.39184,0.27158387778846954,-0.14311554258651613,0.2
1.16600084304810,-1.29694,0.28751693438860704,-0.13773026820404885,0.2
0.893244743347168,-1.01847,0.33225552905701145,-0.10760841942317306,0.2
0.664805889129639,-2.05213,0.18822833222278337,0.08679405665797697,0.2
1.38663244247437,-2.56322,0.11400287952694461,-0.003903595441077958,0.2
0.361000061035156,-1.73092,0.2175807182732907,0.14108071590996735,0.2
0.610089302062988,-1.24883,0.3233472794399606,0.027590501311319283,0.2
-0.851785302162170,-0.330797,0.18317574811015058,0.3494414886546668,0.2
0.925526618957520,-2.42251,0.13188760751894402,0.04912029317095231,0.2
0.270419836044312,-0.543091,0.3843467920276069,0.027690713983467067,0.2
1.46400928497314,-2.06923,0.19134407916269788,-0.07171592595898758,0.2
1.11783218383789,-1.76392,0.25079916798528906,-0.041780897951767544,0.2
-0.0959830284118652,-1.20905,0.23597086851159924,0.2294124516189737,0.2
1.16054201126099,-2.07938,0.202340747672481,-0.010136456058552103,0.2
0.573033332824707,-1.61714,0.26335404331677775,0.08329629666041771,0.2
0.707010746002197,-2.02832,0.19641862847337532,0.07798445742214488,0.2
-0.126994609832764,-0.807284,0.3033055924126795,0.20814121516595543,0.2
0.387351989746094,-1.21914,0.3139794581809147,0.09472704226033879,0.2
1.24650192260742,-1.85720,0.2323052116973286,-0.05860194156763626,0.2
1.37244224548340,-1.56430,0.246323186724554,-0.1408698880789335,0.2
0.291071891784668,-0.535352,0.3853220242620204,0.018277995475194833,0.2
1.48362636566162,-1.99244,0.1987971218303707,-0.08797007625410784,0.2
-0.782698631286621,-0.674469,0.14003450128361108,0.3505330543932003,0.2
0.394454956054688,-1.21663,0.3150353028880332,0.09218052809462172,0.2
0.937780857086182,-1.62175,0.27511217492774515,-0.015452654023230587,0.2
0.548975944519043,-0.815744,0.3662796450141469,-0.025794850207932,0.2
0.718153953552246,-1.84132,0.2331325014784284,0.06535040664910009,0.2
0.617376327514648,-1.41747,0.29969059584915786,0.04902684992103906,0.2
1.09768962860107,-2.37552,0.1475660913701768,0.023945015355926903,0.2
0.971525192260742,-1.26897,0.310800074890188,-0.08476078009211573,0.2
1.15649175643921,-2.47371,0.1296126692694082,0.01974277416536145,0.2
0.296381235122681,-1.57116,0.23959784691418087,0.15021348631953327,0.2
0.176490783691406,-1.37406,0.2584515607364928,0.16982369789869106,0.2
1.25885677337646,-2.75854,0.07475522069474853,0.014470708817266755,0.2
1.10846853256226,-1.65224,0.2650501028665263,-0.056923996709468905,0.2
1.35894441604614,-2.06685,0.19814536491656795,-0.05159302813875576,0.2
0.176980018615723,-1.25712,0.2804000764635565,0.16143236286671875,0.2
0.427109956741333,-1.35615,0.2955256334158908,0.09851225795907352,0.2
0.358491897583008,-1.48813,0.26417050026561023,0.12969066691138725,0.2
0.530325889587402,-1.55315,0.2711072029793714,0.08895353422361255,0.2
-0.506543874740601,-0.474816,0.26672342543946137,0.2828582220525454,0.2
0.628726482391357,-1.50081,0.28716240000306575,0.05596442117946276,0.2
-1.12835633754730,-0.224146,0.10202219545290993,0.3841747228204112,0.2
1.29648351669312,-1.27288,0.2674371543204684,-0.17877211923105604,0.2
1.47876691818237,-2.93074,0.04202331050862871,0.002414751893807329,0.2
0.539036273956299,-0.582142,0.37717684254064127,-0.06753209762852051,0.2
0.0514471530914307,-0.624886,0.3598744294599837,0.12398702650361308,0.2
1.09018754959106,-1.00183,0.30474607474504,-0.1738705259732021,0.2
0.214147329330444,-0.590565,0.3782796138181287,0.0579189855337907,0.2
0.855252742767334,-0.888145,0.34048029281741765,-0.12058762745244041,0.2
1.13915348052979,-0.857082,0.29186574537776305,-0.21722360086408007,0.2
0.719810009002686,-1.91139,0.22004609544172646,0.06968289392796198,0.2
1.29683208465576,-1.83441,0.23170946183843583,-0.07392377632099816,0.2
-0.898730278015137,-0.435082,0.14622269029110252,0.36216812943136817,0.2
-0.689902782440186,-0.583742,0.1897562417713712,0.3327837865221333,0.2
-0.155882358551025,-1.06481,0.2500222214390214,0.2371976584242618,0.2
0.265342473983765,-1.72102,0.20508901723245243,0.16113932986929352,0.2
1.49034881591797,-1.92986,0.2046527332242496,-0.10002829025466652,0.2
1.30680227279663,-1.40236,0.2629531619369859,-0.15577773791549573,0.2
0.823102474212646,-2.28136,0.15436928366738822,0.06316088570381405,0.2
0.559412479400635,-0.821937,0.36558883891985156,-0.028444142681665778,0.2
1.20774984359741,-1.75293,0.24731363199739653,-0.06591964350198916,0.2
1.47315788269043,-2.38659,0.14422858207974845,-0.030600319061000903,0.2
0.796413898468018,-1.95398,0.21677495026159266,0.05566824926875792,0.2
0.723500251770020,-1.45012,0.2986008214158074,0.021643032150814114,0.2
1.27860593795776,-1.31941,0.26976938945295786,-0.1646942300133943,0.2
1.13647317886353,-1.76700,0.2495806270643379,-0.04597805625066498,0.2
1.16796255111694,-1.61930,0.2645757012084218,-0.07823813383152538,0.2
0.0155720710754395,-0.802757,0.33048831202046375,0.16234403310227385,0.2
1.07249784469604,-1.89699,0.2328325381810205,-0.012399772996192982,0.2
1.47563982009888,-2.39802,0.1422449999548469,-0.029699534237392987,0.2
0.977862358093262,-1.92449,0.22832444422784184,0.012611046808555683,0.2
-0.0330891609191895,-0.380741,0.3758915973865916,0.11391523309955645,0.2
1.24500226974487,-2.67843,0.09056000150434067,0.015080263474221516,0.2
1.48258066177368,-1.80856,0.21613107376904445,-0.12018789084196219,0.2
1.19347715377808,-2.48040,0.12894648124772143,0.015224068875381436,0.2
0.600876808166504,-0.897347,0.35921570830996186,-0.029307362040479425,0.2
1.35425424575806,-2.63526,0.1001288937062235,0.003423176099122479,0.2
0.750032424926758,-1.99620,0.20583431210874092,0.06795148479172322,0.2
0.138056993484497,-1.61088,0.20498306115305787,0.18648413104718195,0.2
1.47932529449463,-2.26800,0.16287955942750793,-0.04587412217783146,0.2
0.660555839538574,-1.03029,0.34712031832915496,-0.025949029362121272,0.2
1.12892055511475,-2.44836,0.1340181927620449,0.022461181623677908,0.2
1.16313076019287,-2.05673,0.20606591485918885,-0.01320014379870342,0.2
0.524524211883545,-0.610762,0.37730296179584744,-0.056386053893088976,0.2
0.508906364440918,-0.983148,0.3521325327232723,0.018844350015963154,0.2
-0.104422569274902,-0.634560,0.3348694060334918,0.17969168113936101,0.2
1.07253789901733,-1.29853,0.2990230689423874,-0.10999108409255724,0.2
1.31147909164429,-2.37899,0.1486562285568386,-0.007615892767711258,0.2
0.531024456024170,-1.52133,0.2767721055505367,0.08574841242716308,0.2
0.764767646789551,-1.25062,0.32354877873626287,-0.022250733237476315,0.2
0.722959518432617,-2.06311,0.190788207998716,0.07606884366015133,0.2
0.817783355712891,-0.966557,0.34194610482234655,-0.09232408394878622,0.2
0.523911952972412,-1.71945,0.23977363358271686,0.10324784801876825,0.2
1.23595380783081,-2.49247,0.12713882288140518,0.010330558441618813,0.2
1.29566764831543,-1.38787,0.26516242226002845,-0.1556967904507749,0.2
1.43229150772095,-2.64351,0.09851137333098832,-0.00391674081509311,0.2
0.795243263244629,-0.882516,0.3472798483341175,-0.10106193470763448,0.2
0.560443401336670,-0.762256,0.3691141531828031,-0.04021390291225794,0.2
0.825944423675537,-0.641309,0.34433946172837,-0.1597980564566113,0.2
0.517073154449463,-1.90946,0.2018938797707857,0.11252094078851281,0.2
1.33343029022217,-1.64560,0.2461734504701376,-0.11584315195972403,0.2
0.610207080841064,-1.24537,0.3238001100348257,0.027026789134683097,0.2
0.920205116271973,-1.47229,0.29452593427333323,-0.033502871923702805,0.2
1.35307836532593,-2.46348,0.13286955364413947,-0.006721378872227617,0.2
0.495127201080322,-1.23019,0.3207614156381426,0.06194279548350629,0.2
0.0551221370697021,-0.268354,0.3919622928874997,0.059179737696807524,0.2
0.653337955474854,-1.52009,0.2853662699577617,0.051192531544064473,0.2
1.30369615554810,-2.55892,0.11476872687652818,0.005347429171030797,0.2
0.325448989868164,-1.01697,0.3381981374398758,0.08773755819184675,0.2
-0.227458715438843,-0.780472,0.2856601957986507,0.2350420137917345,0.2
0.105273008346558,-1.48312,0.22425009778872498,0.19161586240736947,0.2
1.33728408813477,-2.39061,0.1463208289763992,-0.010433331303610275,0.2
1.37632799148560,-1.63845,0.24145176643474073,-0.1276449391984197,0.2
0.225726604461670,-1.32091,0.27637491841862455,0.1529725262401244,0.2
1.18672943115234,-2.01510,0.21232007011979234,-0.023102204359249204,0.2
0.756230831146240,-0.542305,0.3527836958222964,-0.15513017340325683,0.2
1.43516778945923,-2.77503,0.07288325536982092,0.001687073475838473,0.2
0.750083446502686,-1.75539,0.25055698669712584,0.050374917320254495,0.2
0.994065284729004,-1.99940,0.21559114145222427,0.01650968991826721,0.2
1.45873832702637,-2.30089,0.15865024916246737,-0.0384036024321374,0.2
1.29084157943726,-1.91367,0.2225077691012467,-0.059957693516834006,0.2
0.418635606765747,-0.561760,0.38346348663856333,-0.025714820451018652,0.2
0.171643733978271,-1.60442,0.21241877431525683,0.17941293230380329,0.2
1.49209213256836,-2.44323,0.13413249712068212,-0.027145575978009356,0.2
1.25333547592163,-1.92114,0.2235971130468902,-0.0504628822502511,0.2
0.912968158721924,-2.29027,0.15764628740490225,0.04927829008127976,0.2
-0.445937633514404,-0.769475,0.23003973314105408,0.2907641620849852,0.2
0.969795227050781,-2.44424,0.1295888733209682,0.043393883470388604,0.2
1.03794002532959,-1.61281,0.27326998981692724,-0.04430671390095933,0.2
0.715893268585205,-1.87066,0.22749139526522635,0.06794417703684802,0.2
0.0616095066070557,-1.18728,0.27312083982513463,0.1879881079441441,0.2
1.40992546081543,-2.43965,0.1365465616219607,-0.01636834469633794,0.2
0.566981315612793,-1.61246,0.2636876583935288,0.08447936689193919,0.2
0.704815864562988,-1.87765,0.22540333722265826,0.0709135831747967,0.2
-0.580756187438965,-0.516616,0.23739617840738175,0.3052911941618606,0.2
0.547566413879395,-1.03605,0.3472237945120904,0.014332873288726218,0.2
1.23213577270508,-1.67919,0.25339925270780117,-0.08446465703811504,0.2
1.24854946136475,-1.10698,0.2760996294607542,-0.19889170551741284,0.2
0.996941089630127,-2.32414,0.15457320138834924,0.03715946001990113,0.2
0.933381557464600,-1.14742,0.3220366525769354,-0.09570492913958205,0.2
0.552539825439453,-2.04819,0.178107112387627,0.10733311680183537,0.2
1.12643861770630,-0.962830,0.29767301657167466,-0.1925792085197562,0.2
1.33428001403809,-2.43461,0.13832223805374363,-0.006391944723212793,0.2
1.38312196731567,-2.38975,0.1458394547258122,-0.017207856815164947,0.2
0.922179698944092,-1.53958,0.2862671872342273,-0.023409553433113406,0.2
-0.122797727584839,-0.529455,0.3462222131073051,0.17081214589180108,0.2
0.0113577842712402,-0.515770,0.36746252737185575,0.12068277305708645,0.2
1.15660667419434,-1.59913,0.2674626913566652,-0.07872132629649857,0.2
1.05158662796021,-2.49804,0.12197746281393894,0.03352586707194867,0.2
0.709312438964844,-1.61572,0.2724644655006255,0.04658663133517654,0.2
0.620506286621094,-1.63539,0.26379709129218554,0.07243632138173763,0.2
0.385408401489258,-1.63132,0.24045557542555543,0.13168914138485918,0.2
1.11781501770020,-1.59541,0.27070361751246774,-0.06892374186716975,0.2
0.513931274414063,-1.88280,0.20683366246806148,0.1125281451686224,0.2
1.20709323883057,-2.36159,0.15192465729563154,0.006765116603600634,0.2
1.24497461318970,-2.18809,0.1829691090938745,-0.014693440651693136,0.2
1.29087543487549,-2.61614,0.10348457208959964,0.009129087863229036,0.2
0.433417081832886,-0.940956,0.35446883286853853,0.03838098416843887,0.2
-0.522114872932434,-0.949209,0.17159795056354657,0.311673311796909,0.2
0.917972564697266,-2.38554,0.13890606527085173,0.05001205250437271,0.2
1.20137453079224,-2.38521,0.14741214469182007,0.009155204446751516,0.2
0.113285064697266,-0.600093,0.3695245997050497,0.09733567923857536,0.2
1.42523479461670,-2.81151,0.06563087764443502,0.0033708872436264306,0.2
1.39085483551025,-1.70264,0.2351643337944269,-0.11908217721139905,0.2
-0.257590532302856,-0.724608,0.288306926460173,0.23828522876507013,0.2
1.06370925903320,-2.33519,0.1545571995038202,0.027276514036988553,0.2
0.569053173065186,-1.20425,0.327876272018219,0.03417965352874976,0.2
0.0927779674530029,-1.21873,0.27302982833984385,0.18177489714051936,0.2
0.748850345611572,-1.27213,0.3214920049439781,-0.013506887512241605,0.2
1.12105274200439,-1.80729,0.24484473916853372,-0.036156232728611674,0.2
-0.145865678787231,-0.888228,0.28517065269924985,0.22167710291203713,0.2
0.0918297767639160,-1.13013,0.289050081713853,0.17485282195567894,0.2
1.32487440109253,-1.86140,0.2265262537888752,-0.07591919266097594,0.2
0.673768520355225,-0.957149,0.3523171728435054,-0.04405490878169148,0.2
0.807548522949219,-0.628200,0.3469537260717782,-0.1560449685568482,0.2
1.16606187820435,-1.54819,0.2713966030677137,-0.09029113056626822,0.2
1.12279129028320,-1.95616,0.2228359922996581,-0.016500718947603275,0.2
-0.206937551498413,-0.983325,0.25329752632385155,0.24531815214068545,0.2
1.11301374435425,-2.38218,0.1466186039377888,0.021990440549001143,0.2
0.312806844711304,-1.71419,0.21386324510604207,0.15109723825987098,0.2
-0.629645824432373,-0.853068,0.1563685277113741,0.32888128413723167,0.2
1.46030330657959,-2.84968,0.05813999631056264,0.002055001550563458,0.2
1.19885540008545,-2.35771,0.1525967544131705,0.007757748613648674,0.2
-0.300240039825439,-0.979104,0.23016437143246582,0.26766710092182416,0.2
0.379314899444580,-1.80380,0.2056452549386165,0.13870056122516555,0.2
0.582503318786621,-1.78117,0.2337406153756273,0.09305511431928314,0.2
1.33033847808838,-2.34482,0.1545837772558915,-0.013503291355986744,0.2
1.35097551345825,-2.00589,0.20691364830245149,-0.0588792521588651,0.2
1.28054141998291,-2.58206,0.11008732099370942,0.008968332709565248,0.2
0.906582355499268,-2.31045,0.15331564017894117,0.05071181335289896,0.2
0.442162036895752,-1.82734,0.20927979329646448,0.12610546181613275,0.2
0.770855903625488,-1.83138,0.23805457092606974,0.0521419551517316,0.2
0.596467018127441,-1.79473,0.23243401850284434,0.09060550508503804,0.2
1.49882698059082,-1.63873,0.22403337292488532,-0.15613699833346212,0.2
0.110849142074585,-1.24451,0.27147980224127094,0.17872046235463981,0.2
1.20348024368286,-2.40139,0.14435003038841754,0.009832370732709246,0.2
1.38092851638794,-2.70536,0.08647771339966599,0.0036817417828081834,0.2
-0.745761871337891,-0.556911,0.1761565920410511,0.3418774925536013,0.2
-0.0964946746826172,-1.10967,0.2551334119436651,0.22473023142939777,0.2
-1.17135763168335,-0.136682,0.10270841000447009,0.3856227014037258,0.2
1.35496854782104,-1.76527,0.23384048693114126,-0.09928986907678991,0.2
1.45464754104614,-2.53251,0.11911450218045724,-0.014072575866241933,0.2
1.05446481704712,-1.17143,0.30727926160544156,-0.12917449510723156,0.2
1.16684579849243,-1.35325,0.2848440293583193,-0.12700762991359527,0.2
-0.226687908172607,-0.128238,0.3733635504782755,0.1412188572556941,0.2
-0.0837085247039795,-1.10936,0.2580441413150362,0.22143131865196333,0.2
-0.328404664993286,-0.718647,0.2717979687857438,0.25756866328984707,0.2
-0.137275934219360,-1.12776,0.24224732075511152,0.23581946776198634,0.2
1.29002332687378,-2.18926,0.18192827330762656,-0.02278547425046054,0.2
0.552563190460205,-0.281443,0.37323596578774226,-0.13246646359583455,0.2
0.982563972473145,-1.31397,0.30651037059675873,-0.07982906928048156,0.2
1.16225767135620,-1.50548,0.2753398180318423,-0.09700134655330757,0.2
1.31617927551270,-1.92212,0.2198643188646384,-0.06425341780972949,0.2
1.24597406387329,-1.32054,0.2749665085917141,-0.15558150459068834,0.2
0.695880889892578,-0.436993,0.3586552993040885,-0.15443004092001425,0.2
-0.00464487075805664,-1.10557,0.2754283045178906,0.20007237756601842,0.2
1.31950998306274,-2.32510,0.15821104384530676,-0.013665903999698812,0.2
0.437587022781372,-1.65180,0.24307863238462707,0.1201638898671263,0.2
0.939704418182373,-2.24880,0.16708192270457345,0.04364167495209379,0.2
-0.870470762252808,-0.575152,0.12862294248265782,0.36136534031098294,0.2
0.989946365356445,-1.10120,0.3179941169941983,-0.12280774772740101,0.2
0.218662261962891,-1.64093,0.21334901101102144,0.1699305037649603,0.2
0.864974975585938,-0.805784,0.34016070323034137,-0.14033653151012554,0.2
0.285242557525635,-1.49314,0.253011435792535,0.14896705001708418,0.2
0.256567716598511,-1.69624,0.20861715277020626,0.16269523285641385,0.2
1.33207464218140,-2.37874,0.14851303650582104,-0.010697730568949336,0.2
1.40024662017822,-1.71755,0.23292793906336648,-0.1185172715040446,0.2
0.503695964813232,-0.318378,0.3802405221498649,-0.10675529835320431,0.2
0.526926040649414,-1.74771,0.23467266104621165,0.10415912320068083,0.2
0.925315380096436,-2.25424,0.16536455643775794,0.04622943774584397,0.2
1.33711099624634,-1.44195,0.2568829295219404,-0.15585378668401156,0.2
0.553360939025879,-2.03856,0.18012201434309555,0.10716758322070796,0.2
0.210326433181763,-1.25458,0.28608350229097723,0.1517706737821477,0.2
-0.381151199340820,-0.637752,0.27246991967260686,0.2646413030001793,0.2
-1.13053154945374,-0.0804448,0.12922726836120707,0.3782084054888123,0.2
-0.274715185165405,-1.15894,0.20144003755438547,0.2672955642633117,0.2
0.278006792068481,-0.721824,0.36981835862596474,0.057293465847317274,0.2
0.369990825653076,-1.80576,0.2039531627694676,0.14063738113589155,0.2
1.17499637603760,-2.24767,0.17285828469987236,0.0033941521832069155,0.2
0.916584491729736,-2.25170,0.16545604698971586,0.04758868939224139,0.2
0.103485107421875,-1.32226,0.2553990352294001,0.18560682658527494,0.2
1.15284204483032,-1.81272,0.24285006024351682,-0.04311021849313494,0.2
1.44333839416504,-1.87722,0.21445760964055025,-0.09937709755351808,0.2
1.22297620773315,-2.27187,0.168492055701315,-0.0027375629087393254,0.2
0.203556299209595,-0.349578,0.3935574273108019,0.016550667738983414,0.2
1.18765687942505,-2.22553,0.1768720391995443,-0.0007245083263325783,0.2
0.494323730468750,-1.06818,0.34219079278416287,0.03798829608785016,0.2
0.227773427963257,-0.504453,0.3855879182674827,0.036838475643022416,0.2
1.47013092041016,-2.93395,0.04135849866161576,0.0028018483134792235,0.2
1.43911886215210,-2.66913,0.09356236790592352,-0.0031595488688929614,0.2
1.21504735946655,-2.20095,0.1810945939296162,-0.007932270258619312,0.2
0.928846359252930,-1.55396,0.2842770629340473,-0.02309716528028626,0.2
0.460506677627563,-1.84007,0.2090324366354613,0.12256723203513567,0.2
1.01278448104858,-2.09157,0.19941020636245668,0.02077273619854533,0.2
1.09967803955078,-1.91560,0.22954754878566766,-0.016344386397869882,0.2
-0.298612356185913,-0.755254,0.2728044532689291,0.252637176471671,0.2
1.25630140304565,-2.72384,0.08165738645388886,0.014556817157325742,0.2
1.47230386734009,-2.40101,0.14184030418714796,-0.028900469443770855,0.2
-0.884513854980469,-0.495862,0.139338893374082,0.3618692854821956,0.2
1.43141555786133,-2.45346,0.13371887066287502,-0.01801100795829985,0.2
1.15673017501831,-1.32276,0.28763474064336053,-0.13002367147085425,0.2
1.14219045639038,-1.39537,0.2853756882923506,-0.11190631413684765,0.2
1.30499505996704,-1.50538,0.2587465636845674,-0.13520281876978366,0.2
0.593947410583496,-1.33881,0.31032727720752623,0.04571331312610655,0.2
1.44268035888672,-1.68988,0.22949323161229862,-0.13352305996074415,0.2
-0.0286679267883301,-0.827057,0.3191352749549435,0.17976717567691086,0.2
0.629162311553955,-1.12458,0.33841175661696726,0.0013282507635063463,0.2
0.884219646453857,-1.39373,0.3046618533258981,-0.03567242617056021,0.2
0.900971889495850,-0.915632,0.3342194195441093,-0.13053940239589729,0.2
0.285577297210693,-1.14129,0.31553071868349836,0.11727864334364739,0.2
1.26214599609375,-1.66144,0.252386954651132,-0.09518085746450967,0.2
1.36448621749878,-1.26853,0.25465145311910764,-0.1974009505100407,0.2
0.619116306304932,-2.03499,0.18748587305810077,0.09504183447726695,0.2
1.44533157348633,-1.81283,0.2200959010806451,-0.11128104070882842,0.2
1.07097148895264,-0.995674,0.308028945156508,-0.16921345752186928,0.2
0.111891269683838,-1.14202,0.2903858812412033,0.17010842202640647,0.2
1.24579620361328,-2.10355,0.19690825184413305,-0.024387859773999786,0.2
0.668744087219238,-1.42498,0.3007108893721725,0.034595677444445035,0.2
0.529414176940918,-0.622309,0.3766595436839134,-0.05594954650611207,0.2
1.16336202621460,-2.22483,0.17696398144323522,0.0035130793225454635,0.2
0.797301292419434,-1.90705,0.22558354314136217,0.05211073889409943,0.2
0.704393386840820,-2.11457,0.17912200356157004,0.08078414051758323,0.2
0.882548332214355,-1.30471,0.3138327817155934,-0.0504515507180306,0.2
1.47658538818359,-2.81046,0.06592380024856113,-3.676819032348593e-05,0.2
0.939704418182373,-1.86887,0.23719951124995803,0.015564863502954551,0.2
0.289234876632690,-0.356556,0.39334280001479327,-0.015805487166312627,0.2
1.43322134017944,-2.31523,0.15725379514053675,-0.03266549408386391,0.2
1.13675642013550,-2.27192,0.16809170042009183,0.011785878292443453,0.2
-0.399675130844116,-0.379930,0.3102072835636294,0.24097031759772972,0.2
1.36016130447388,-2.61480,0.10412833940068013,0.0018779663331313973,0.2
-0.280066728591919,-0.550129,0.31198183422128795,0.22553029058452137,0.2
0.368307113647461,-1.16169,0.3210671244071351,0.09348392896750411,0.2
0.138306140899658,-0.375953,0.3901059082364113,0.04722334036110118,0.2
0.421325922012329,-0.749045,0.3721657773800679,0.00893113564919071,0.2
-0.234514236450195,-0.924624,0.257610613738547,0.24861127175520503,0.2
1.23143434524536,-1.97990,0.21630296597848744,-0.03728309179863233,0.2
0.938575267791748,-1.69964,0.2640040867629558,-0.0047411638242678585,0.2
1.24358129501343,-2.18639,0.18327758649790257,-0.014617633967331073,0.2
1.07577657699585,-2.00890,0.21462150243026631,-0.00011419589966300089,0.2
1.15200281143188,-2.06624,0.20462030114014212,-0.009847394803801715,0.2
0.713732242584229,-0.899753,0.35350846133723485,-0.06910879433260486,0.2
-0.000847339630126953,-1.11449,0.2745356256692835,0.19970172545286183,0.2
0.473590612411499,-1.32661,0.3045491094953117,0.0811839376059557,0.2
1.42791414260864,-2.08794,0.19133619660283832,-0.06195484165774155,0.2
0.191751241683960,-1.07533,0.31416271280237923,0.13905837152420428,0.2
0.512877464294434,-1.51100,0.27698782821051665,0.08977153522496809,0.2
0.985398769378662,-1.26381,0.3099502858766403,-0.09003417617877427,0.2
